RLSELLQAV,TSINN,IRSNERE,ATDGGSYIPT,MNHNS,SASEGT,ASSGAGQETQY,0.3482
RLSELLQAV,DSASNY,IRSNVGE,AAHNFTGKLI,MGHRA,YSYEKL,ASRVYQANTGELF,0.1120
RLSELLQAV,DRGSQS,IYSNGD,AVKGSGAGSYQLT,LNHNV,YYDKDF,ATSREKSGTLNQPQH,0.0354
RLSELLQAV,SVFSS,VVTGGEV,AGARKDDKII,MNHNY,SVGAGI,ASSLYPGLAGSEQF,0.0365
RLSELLQAV,TSGFNG,NVLDGL,AVRGGLTGGGNKLT,MRHNA,SNTAGT,ASSDSGLFTDTQY,0.3572
RLSELLQAV,YGATPY,YFSGDTLV,AVGAMLGNEKLT,MDHEN,SYDVKM,ASSPGYTRETQY,0.2181
RLSELLQAV,DRGSQS,IYSNGD,AVNFGNEKLT,LGHDT,YNNKEL,ASSPLDPGEGEQY,0.0083
RLSELLQAV,NIATNDY,GYKTK,LVALNTGFQKLV,SGDLS,YYNGEE,ASSGNRGQSEAF,0.1118
RLSELLQAV,TSDPSYG,QGSYDQQN,AMREFISNFGNEKLT,SGDLS,YYNGEE,ASSVGGGTQPQH,0.0415
RLSELLQAV,TSDPSYG,QGSYDQQN,AMRDFSSGSARQLT,LGHDT,YNNKEL,ASSPQPGLAGGTRGNEQF,0.4479
SQPPVVLTV,NSASQS,VYSSG,VVNPGVGYSTLT,MNHEY,SMNVEV,ASRSGTGVQPQH,0.0489
SQPPVVLTV,TSGFNG,NVLDGL,AVRGHDRGSTLGRLY,SGHAT,FQNNGV,ASSYDWTAKETQY,0.3829
SQPPVVLTV,TSINN,IRSNERE,ATDGNDYKLS,SGHTA,FQGNSA,ASSPRGQGNGYT,0.3152
SQPPVVLTV,TSINN,IRSNERE,ATDEGFQKLV,LNHNV,YYDKDF,ATSRDLGRINYGYT,0.1787
SQPPVVLTV,TSESDYY,QEAYKQQN,AYRSFTSGTYKYI,SGDLS,YYNGEE,ASSVGGGADTQY,0.2986
SQPPVVLTV,TSGFNG,NVLDGL,AVDPGGYQKVT,SEHNR,FQNEAQ,ASSAPGEIDTQY,0.2274
SQPPVVLTV,TRDTTYY,RNSFDEQN,ALSGLDSNYQLI,LGHNA,YNFKEQ,ASSQEWPRGARTGELF,0.1423
SQPPVVLTV,DRGSQS,IYSNGD,AVNEGAQKLV,LGHDT,YNNKEL,ASSQGPGGADTQY,0.0486
SQPPVVLTV,TSENNYY,QEAYKQQN,AFMKHVASGGSNYKLT,GTSNPN,SVGIG,AWKRSGNTIY,0.0642
SQPPVVLTV,VGISA,LSSGK,AVPNTGNQFY,KGHSH,LQKENI,ASSPVNLRVSDTQY,0.3515
SQPPVVLTV,SVFSS,VVTGGEV,AGGSNAGNMLT,DFQATT,SNEGSKA,SAAVVEQF,0.0270
SQPPVVLTV,NTAFDY,IRPDVSE,AGRNNARLM,PRHDT,FYEKMQ,ASSSLAGLPEQY,0.3380
SQPPVVLTV,DRGSQS,IYSNGD,AVKAGNQFY,SGHNT,YYREEE,ASSPEGLYNEQF,0.1227
SQPPVVLTV,SVFSS,VVTGGEV,AGGGGATNKLI,WNHNN,SYGVQD,ASSESAVGTDTQY,0.1273
SQPPVVLTV,NSASQS,VYSSG,VVNQHGTASKLT,SEHNR,FQNEAQ,ASSSTRTSGRRGAYNEQF,0.0139
SQPPVVLTV,DRGSQS,IYSNGD,AATPDYQLI,MGHDK,SYGVNS,ASSGPDFEQF,0.0982
SQPPVVLTV,DSASNY,IRSNVGE,AASPTGPFQGAQKLV,LNHDA,SQIVND,ASSIGLAGGNEQF,0.3235
SQPPVVLTV,DRGSQS,IYSNGD,AVGGGTYKYI,SGHNT,YENEEA,ASSLEGAHNEQF,0.0541
SQPPVVLTV,TSDPSYG,QGSYDQQN,AMREAGTASKLT,SGDLS,YYNGEE,ASSPGVGGPYGYT,0.1933
SQPPVVLTV,NIATNDY,GYKTK,LVGDTGFKTI,SGHTA,FQGTGA,ASSLAGGSYNEQF,0.1699
SQPPVVLTV,TSGFNG,NVLDGL,AVREETSGTYKYI,GTSNPN,SVGIG,AWNGQGALYTGELF,0.3109
SQPPVVLTV,YSGSPE,HISR,ALRQSGGYNKLI,SNHLY,FYNNEI,ASWGRGSYEQY,0.0360
SQPPVVLTV,TSINN,IRSNERE,ATDSGPNRLA,SGHNT,YYREEE,ASSQGQGAETQY,0.1053
SQPPVVLTV,DSAIYN,IQSSQRE,AVLMDSNYQLI,WSHSY,SAAADI,ASSADGMNTEAF,0.2252
SQPPVVLTV,TISGNEY,GLKNN,IVRIPNDYKLS,SNHLY,FYNNEI,ASSDGGWGTDTQY,0.0814
SQPPVVLTV,SSYSPS,YTSAATLV,VVSWVTDKLI,MDHEN,SYDVKM,ASSLPLTEYSNQPQH,0.3546
SQPPVVLTV,TSGFNG,NVLDGL,AVGNQAGTALI,MGHRA,YSYEKL,ASSPTEGQGADTQY,0.1399
SQPPVVLTV,SSYSPS,YTSAATLV,VVSDESGTYKYI,LGHNA,YNFKEQ,ASSQVRGDTQY,0.3555
SQPPVVLTV,TRDTTYY,RNSFDEQN,ALSEMGRGAQKLV,SGHRS,YFSETQ,ASSSGLGYEQY,0.1163
SQPPVVLTV,SVFSS,VVTGGEV,GGATNKLI,MNHEY,SVGAGI,ASSYSWGYEQY,0.1609
SQPPVVLTV,TSDPSYG,QGSYDQQN,AMRVPQGAGKST,SEHNR,FQNEAQ,ASRPSGAWGEKLF,0.3775
SQPPVVLTV,TSINN,IRSNERE,ATDAGANNLF,GTSNPN,SVGIG,AWSVGGPNTEAF,0.4670
SQPPVVLTV,ATGYPS,ATKADDK,APYSGGGADGLT,MNHEY,SVGAGI,ASGGTGPYNEQF,0.0791
SQPPVVLTV,VTNFRS,LTSSGIE,AVEPLLLYNNNDMR,SGHTA,FQGTGA,ASSSTQGTEQY,0.2894
SQPPVVLTV,NTAFDY,IRPDVSE,AASIEGTGGGNKLT,MDHEN,SYDVKM,ASSSPGGAVGGYT,0.2437
SQPPVVLTV,TSGFNG,NVLDGL,AVSSGDYKLS,LNHDA,SQIVND,ASSIGGLAESSYNEQF,0.1738
SQPPVVLTV,TRDTTYY,RNSFDEQN,ALSAWGYQKVT,DFQATT,SNEGSKA,SAHPQGWTDTQY,0.2367
SQPPVVLTV,VSGNPY,YITGDNLV,AVRDYTDKLI,MDHEN,SYDVKM,ASSPGREGHSGQY,0.2059
SQPPVVLTV,TSDPSYG,QGSYDQQN,AMRESEGGGGNKLT,SGHVS,FNYEAQ,ASSSGGEQF,0.1977
SQPPVVLTV,DSASNY,IRSNVGE,AANDTNAGKST,SGHDT,YYEEEE,ASSLHTTRGTEAF,0.1659
SQPPVVLTV,TISGNEY,GLKNN,IVALGTGNQFY,SNHLY,FYNNEI,ASTLVQVPNEKLF,0.1371
SQPPVVLTV,YGGTVN,YFSGDPLV,AAGDSGYSTLT,SGHTA,FQGNSA,ASSLESGLADWTQY,0.1164
SQPPVVLTV,DRGSQS,IYSNGD,AVYVDTGRRALT,LGHDT,YNNKEL,ASSQNIYEQY,0.1140
SQPPVVLTV,TSGFNG,NVLDGL,AVYSSGGYNKLI,SGDLS,YYNGEE,ASSHGRVVSTNEKLF,0.2743
SQPPVVLTV,DSAIYN,IQSSQRE,AVLSVGGSQGNLI,SGHRS,YFSETQ,ASSFHAQGIDEKLF,0.1793
SQPPVVLTV,DRGSQS,IYSNGD,AVGTYKYI,SGHKS,YYEKEE,ASSFGTNTGELF,0.0192
SQPPVVLTV,NSAFQY,TYSSGN,AMSDAGNMLT,MNHEY,SVGAGI,ASRMGPYYEQY,0.1389
SQPPVVLTV,VSGLRG,LYSAGEE,APYAYSGAGSYQLT,SGDLS,YYNGEE,ASSVGAGTDTQY,0.5090
SQPPVVLTV,VSGLRG,LYSAGEE,AVQVWGALI,MNHEY,SVGAGI,ASSYRQGSGELF,0.1329
SQPPVVLTV,TRDTTYY,RNSFDEQN,ALSASYNNNDMR,SGHVS,FNYEAQ,ASSLAGRNTEAF,0.1476
SQPPVVLTV,TSINN,IRSNERE,ATPRMDSSYKLI,SGHAT,FQNNGV,ASSFEPTGASGELF,0.3473
SQPPVVLTV,SSVPPY,YTSAATLV,AVKFSGGYNKLI,SGHKS,YYEKEE,ASSLGAIAGGDEQF,0.2466
SQPPVVLTV,NSMFDY,ISSIKDK,AASAGSGGGADGLT,SGHDY,FNNNVP,ASSLLGLDTEAF,0.3634
SQPPVVLTV,NYSPAY,IRENEKE,APNYGGSQGNLI,SGDLS,YYNGEE,ASSVARTYEQY,0.2113
SQPPVVLTV,TSINN,IRSNERE,ATVIITGANNLF,SGHVS,FQNEAQ,ASTKSELGWDEQF,0.1574
SQPPVVLTV,DRGSQS,IYSNGD,AVPPYSGAGSYQLT,SNHLY,FYNNEI,ASSEGSSGNTIY,0.0142
SQPPVVLTV,TSINN,IRSNERE,ATDGGGNKLT,LGHDT,YNNKEL,ASSRPTSGYNEQF,0.1587
SQPPVVLTV,YGGTVN,YFSGDPLV,AVKGGTYKYI,LNHNV,YYDKDF,ATSRDIGPVHQF,0.2490
SQPPVVLTV,ATGYPS,ATKADDK,ALTFHSGGYQKVT,LGHNA,YNFKEQ,ASSQATGGAYNEQF,0.1562
SQPPVVLTV,DRGSQS,IYSNGD,AVLAGGYQKVT,LGHDT,YNNKEL,ASKLVGETQY,0.0415
SQPPVVLTV,VSPFSN,MTFSENT,VVSVQSGNTPLV,SGDLS,YYNGEE,ASSSEGGGALETQY,0.2012
SQPPVVLTV,TISGTDY,GLTSN,ILTDSGGGADGLT,MGHDK,SYGVNS,ASSEYVAGGYEQY,0.1758
SQPPVVLTV,ATGYPS,ATKADDK,ALSEVDSGNTPLV,SNHLY,FYNNEI,ASSEGGSNSPLH,0.1439
SQPPVVLTV,TSGFYG,NALDGL,AGRDTGRRALT,WSHSY,SAAADI,ASSGDSYGYT,0.0797
SQPPVVLTV,VSNAYN,GSKP,AVEDRKGSGYSTLT,SGHVS,FQNEAQ,ASSFSWDLNTGELF,0.1110
SQPPVVLTV,VGISA,LSSGK,AVPLSNFGNEKLT,LNHDA,SQIVND,ASSPGTSGRYEQF,0.1829
SQPPVVLTV,VSGLRG,LYSAGEE,AVDRGGADGLT,SQVTM,ANQGSEA,SAEGVNKNIQY,0.5297
SQPPVVLTV,SSVSVY,YLSGSTLV,AVTPIYNFNKFY,MNHNS,SASEGT,ASSQTIEQF,0.3158
SQPPVVLTV,TSDPSYG,QGSYDQQN,AMESDDMR,MNHEY,SVGAGI,ASSPGQLNSPLH,0.1423
SQPPVVLTV,TSINN,IRSNERE,ATGGNTPLV,SEHNR,FQNEAQ,ASSLPSGSMRETQY,0.1981
SQPPVVLTV,SSVSVY,YLSGSTLV,AVSDPGKAAGNKLT,SGHDT,YYEEEE,ASSISSYEQY,0.3591
SQPPVVLTV,SIFNT,LYKAGEL,AGISSGGGADGLT,LNHDA,SQIVND,ASSAPGQGTYEQY,0.3392
SQPPVVLTV,DSSSTY,IFSNMDM,AERAGGSYIPT,DFQATT,SNEGSKA,SAIGTSGYEQY,0.1529
SQPPVVLTV,DRGSQS,IYSNGD,AVNAGGFKTI,SGHDT,YYEEEE,ASSSMTRSYEQY,0.0027
SQPPVVLTV,TRDTTYY,RNSFDEQN,ALKGGNSGYALN,LGHNA,YNFKEQ,ASSQEQGTTNTEAF,0.4596
SQPPVVLTV,NSMFDY,ISSIKDK,AAWTGANSKLT,SEHNR,FQNEAQ,ASSFTGAVVAKNIQY,0.2589
SQPPVVLTV,KALYS,LLKGGEQ,GTEIGAGNMLT,MNHEY,SVGAGI,ASSSGLRGEQF,0.1691
SQPPVVLTV,SSNFYA,MTLNGDE,APWYSGGGADGLT,MNHEY,SVGAGI,ASSSRTSANTGELF,0.1346
SQPPVVLTV,SVFSS,VVTGGEV,AGMGRDMR,MNHEY,SVGAGI,ASSYGQGYEQY,0.1642
SQPPVVLTV,TSGFNG,NVLDGL,AVLRSNDYKLS,DFQATT,SNEGSKA,SARDFMDDTSTDTQY,0.2080
SQPPVVLTV,TSGFYG,NALDGL,AVRDWEAGTALI,SGHNS,FNNNVP,ATSVRTGELF,0.1272
SQPPVVLTV,TSGFNG,NVLDGL,AVKRSDGQKLL,MGHRA,YSYEKL,ASSQGPGENYGYT,0.6560
SQPPVVLTV,SIFNT,LYKAGEL,AAPRETSYDKVI,SGHDY,FNNNVP,ASSSANYGYT,0.0492
SQPPVVLTV,KALYS,LLKGGEQ,GTGIQGAQKLV,SGHDY,FNNNVP,ASSYTVSGNTIY,0.0288
SQPPVVLTV,VTNFRS,LTSSGIE,AVDNAGNMLT,DFQATT,SNEGSKA,SASIPNYNEQF,0.2444
SQPPVVLTV,TISGTDY,GLTSN,ILNLNFGNEKLT,DFQATT,SNEGSKA,SARDPAGPPGFTQY,0.3215
SQPPVVLTV,TSGFNG,NVLDGL,AVRSSGGSYIPT,LGHDT,YNNKEL,ASSTGDSNQPQH,0.2653
SQPPVVLTV,KTLYG,LQKGGEE,GADGLGFGNVLH,MNHEY,SMNVEV,ASSPRGGIYGYT,0.0286
SQPPVVLTV,NSMFDY,ISSIKDK,AASEFNKFY,SEHNR,FQNEAQ,ASSSLAGGSTDTQY,0.1348
SQPPVVLTV,TSDPSYG,QGSYDQQN,AMREGTSNTGKLI,SGHTA,FQGNSA,ASSLGGGISYEQY,0.3289
SQPPVVLTV,TSDPSYG,QGSYDQQN,AMREGPIGGGKLI,SQVTM,ANQGSEA,SVDGTPRGTDTQY,0.1912
SQPPVVLTV,YGGTVN,YFSGDPLV,AVTPFLFNTGKLI,SGHAT,FQNNGV,ASTEGDPGAIY,0.0865
SQPPVVLTV,VSGLRG,LYSAGEE,AVPMNRDDKII,MGHRA,YSYEKL,ASSQESLNTEAF,0.1504
SQPPVVLTV,NSMFDY,ISSIKDK,AASIQGGKLI,DFQATT,SNEGSKA,SARDLSNTQY,0.3124
SQPPVVLTV,DRGSQS,IYSNGD,AVQGSSYKLI,SEHNR,FQNEAQ,ASSLGLQNIQY,0.0197
SQPPVVLTV,VTNFRS,LTSSGIE,AVDTGTASKLT,SQVTM,ANQGSEA,SVGTVDKNIQY,0.2707
SQPPVVLTV,TSDPSYG,QGSYDQQN,AMREGFGMKTSYDKVI,MDHEN,SYDVKM,ASTTLGGLLGAF,0.0966
SQPPVVLTV,TSDPSYG,QGSYDQQN,ARDRGSTLGRLY,SEHNR,FQNEAQ,ASSLLTGGAEQF,0.1918
SQPPVVLTV,TRDTTYY,RNSFDEQN,ALSSESRSGGSNYKLT,ENHRY,SYGVKD,AISDGQKGLYGYT,0.0440
SQPPVVLTV,TRDTTYY,RNSFDEQN,ALSESGSARQLT,MNHEY,SVGAGI,ASGYPFYNEQF,0.2234
SQPPVVLTV,TSGFNG,NVLDGL,AAPIYNQGGKLI,MNHNS,SASEGT,ASTEWGSNYGYT,0.2468
SQPPVVLTV,TSINN,IRSNERE,ATPPKDDKVI,WSHSY,SAAADI,ASSEYPGLRTGELF,0.2029
SQPPVVLTV,TSGFNG,NVLDGL,AQYLSGNTPLV,PRHDT,FYEKMQ,ASSLGIQGADGYT,0.3123
SQPPVVLTV,DSSSTY,IFSNMDM,AESINSGYALN,KGHSH,LQKENI,ASSQQGRELF,0.0887
SQPPVVLTV,TTSDR,LLSNGAV,AVAAGDSNYQLI,SGHDN,FVKESK,ASSQCHCAQY,0.3143
SQPPVVLTV,DSAIYN,IQSSQRE,AVPGQAGTALI,SGHTA,FQGTGA,ASSLPGTTPYNEQF,0.2045
SQPPVVLTV,DRGSQS,IYSNGD,AAQAGTALI,SGHDY,FNNNVP,ASSLMGPNQPQH,0.0902
SQPPVVLTV,YGATPY,YFSGDTLV,AGRGNRDDKII,SGHTA,FQGNSA,ASSRNWAGGREQETQY,0.0527
SQPPVVLTV,VSGLRG,LYSAGEE,AVQAHPGGYQKVT,SEHNR,FQNEAQ,ASSPRRANEKLF,0.0930
SQPPVVLTV,DSAIYN,IQSSQRE,AVLHRQGLYKLS,GTSNPN,SVGIG,AWSEYAGELF,0.1871
SQPPVVLTV,TSGFNG,NVLDGL,AFTRDRGSTLGRLY,WNHNN,SYGVQD,ASSESQSSNSPLH,0.5350
SQPPVVLTV,VSGNPY,YITGDNLV,AVRDIEFNKFY,DFQATT,SNEGSKA,SARDWRVSSYEQY,0.0805
SQPPVVLTV,TSDPSYG,QGSYDQQN,AMREGYYTGRRALT,MNHNS,SASEGT,ASSGTGSHNEQF,0.1475
SQPPVVLTV,NSAFQY,TYSSGN,AMQSGTASKLT,SGHRS,YFSETQ,ASGHYSYNEQF,0.0191
SQPPVVLTV,TRDTTYY,RNSFDEQN,ALSKVQAAGNKLT,SGDLS,YYNGEE,ASSADYNEQF,0.2607
SQPPVVLTV,YSGSPE,HISR,ALKDNYGQNFV,SGHVS,FQNEAQ,ASSLERGVPEAF,0.1352
SQPPVVLTV,TSGFYG,NALDGL,AAHSGTYKYI,SGHTA,FQGNSA,ASSLAGGQETQY,0.1803
SQPPVVLTV,NTAFDY,IRPDVSE,AASTEGGGADGLT,KGHSH,LQKENI,ASSPSYPGLAGEGVEQY,0.1518
SQPPVVLTV,TSGFYG,NALDGL,AVGYSSASKII,MNHEY,SVGEGT,ASSYLGTSTEQF,0.0560
SQPPVVLTV,TTSDR,LLSNGAV,AVDSGTYKYI,SGHTA,FQGNSA,ASSSWDLRSNQPQH,0.0346
SQPPVVLTV,DSAIYN,IQSSQRE,AAEETTDSWGKFQ,MDHEN,SYDVKM,ASSFGGAGQPQH,0.1088
SQPPVVLTV,VGISA,LSSGK,AVGMDSNYQLI,SGHVS,FQNEAQ,ASSMEVTGRDEQF,0.2932
SQPPVVLTV,NSASDY,IRSNMDK,AETKGNTPLV,SEHNR,FQNEAQ,ASSGQPGRSTDTQY,0.0564
SQPPVVLTV,DRGSQS,IYSNGD,AVLRGGTSYGKLT,SEHNR,FQNEAQ,ASSPGQGDTYEQY,0.0187
SQPPVVLTV,VSGLRG,LYSAGEE,AVHDVNDYKLS,SGHVS,FNYEAQ,ASSRAGEGYEQY,0.1740
SQPPVVLTV,TRDTTYY,RNSFDEQN,ALSRLKAAGNKLT,SGDLS,YYNGEE,ASSSPHGTNSYNEQF,0.1807
SQPPVVLTV,TSGFYG,NALDGL,AVNQAGTALI,KGHSH,LQKENI,ASSPPRQGGSYT,0.3486
SQPPVVLTV,VSGLRG,LYSAGEE,AVQGSGGNKLV,SGHNT,YENEEA,ASSSTTGFSYEQY,0.2341
SQPPVVLTV,DSSSTY,IFSNMDM,AESIGKII,SQVTM,ANQGSEA,SVGQGGTNEKLF,0.1723
SQPPVVLTV,TRDTTYY,RNSFDEQN,ALSEAGNRGSTLGRLY,SEHNR,FQNEAQ,ASSLAGLAYNEQF,0.1895
SQPPVVLTV,DSASNY,IRSNVGE,AALLWKAD,SEHNR,FQNEAQ,ASSPRPPSAHEQY,0.2361
SQPPVVLTV,DRGSQS,IYSNGD,AVRPTNSGYALN,SGHVS,FQNEAQ,ASSPRAGRGYNEQF,0.1034
SQPPVVLTV,VSNAYN,GSKP,ASAVDTGRRALT,DFQATT,SNEGSKA,SARPGGQQGLTYEQY,0.1134
SQPPVVLTV,TSGFNG,NVLDGL,AVRDNKGYSTLT,SQVTM,ANQGSEA,SVIGSYNEQF,0.1785
SQPPVVLTV,TSGFYG,NALDGL,AAPQEDKII,WSHSY,SAAADI,ATAGRSYEQY,0.1935
SQPPVVLTV,TSDPSYG,QGSYDQQN,AMREDSGGYQKVT,SNHLY,FYNNEI,ASSSELGWTGKTYGYT,0.2752
SQPPVVLTV,TSGFYG,NALDGL,AVRDSHDKII,SEHNR,FQNEAQ,ASSLARANYEQY,0.2431
SQPPVVLTV,VSPFSN,MTFSENT,VVSDGYNNNDMR,LNHDA,SQIVND,ASQWLGSSYQPQH,0.1086
SQPPVVLTV,TRDTTYY,RNSFDEQN,ALSSNNNARLM,SQVTM,ANQGSEA,SVDGTGIYTEAF,0.1431
SQPPVVLTV,TSINN,IRSNERE,ATDAGNNNDMR,SGHDY,FNNNVP,ASLQLSGQSNTGELF,0.1520
SQPPVVLTV,YGGTVN,YFSGDPLV,AFEAAGNKLT,MDHEN,SYDVKM,ASRPDRSSYNEQF,0.1517
SQPPVVLTV,NSAFQY,TYSSGN,AMKNSSASKII,SGHNS,FNNNVP,ASSFQETQY,0.0830
SQPPVVLTV,TSINN,IRSNERE,ATARNSGNTPLV,MDHEN,SYDVKM,ASSLLSGLRETQY,0.2298
SQPPVVLTV,SSVPPY,YTSAATLV,AVSLAGFQKLV,LNHNV,YYDKDF,ATSRDPTSGIYEQF,0.0839
SQPPVVLTV,NSMFDY,ISSIKDK,AASVDNYGQNFV,MNHNS,SASEGT,ASLGLAGDEQF,0.1326
SQPPVVLTV,TSINN,IRSNERE,ATLPRDDKII,MNHNY,SVGAGI,ASTHYPGLAGNFYNEQF,0.1536
SQPPVVLTV,SSYSPS,YTSAATLV,VGTGFQKLV,MNHNS,SASEGT,ASSEVTSSYNEQF,0.1805
SQPPVVLTV,VSGNPY,YITGDNLV,AVRDGGSARQLT,SGHNS,FNNNVP,ASSLKGAGETQY,0.2059
SQPPVVLTV,TSGFNG,NVLDGL,AVRDWGGGNKLT,MDHEN,SYDVKM,ASSADRESQGHEQF,0.1424
SQPPVVLTV,NSMFDY,ISSIKDK,AASDHNQGGKLI,ENHRY,SYGVKD,ATTNRWEQY,0.4168
SQPPVVLTV,NSMFDY,ISSIKDK,AAHNARLM,SEHNR,FQNEAQ,ASRSTSGSGGANVLT,0.0961
SQPPVVLTV,TSINN,IRSNERE,ALTNNAGNMLT,SGHNT,YENEEA,ASSLDRLAATYEQY,0.1573
SQPPVVLTV,TISGTDY,GLTSN,ILLYNQGGKLI,SNHLY,FYNNEI,ASSEATSGFYEQY,0.4025
SQPPVVLTV,DSAIYN,IQSSQRE,AVDLEGFGNVLH,SGHRS,YFSETQ,ASSFLRAGGKDTQY,0.1190
SQPPVVLTV,NSASQS,VYSSG,VVNTPGGSYIPT,SNHLY,FYNNEI,AFRDLAKNIQY,0.2411
SQPPVVLTV,SSYSPS,YTSAATLV,VVGSYNTDKLI,LNHDA,SQIVND,ASRGQGSVAF,0.1635
SQPPVVLTV,DRGSQS,IYSNGD,AVIDYNFNKFY,SGHTA,FQGNSA,ASSLVSVLAGVTDGDNEQF,0.0080
SQPPVVLTV,TRDTTYY,RNSFDEQN,ALSEADTGNQFY,SGHDT,YYEEEE,ASSLGAGGMFEQY,0.0615
SQPPVVLTV,SSNFYA,MTLNGDE,APNTGNQFY,MRHNA,SNTAGT,ASSDTPQGAVYGYT,0.3255
SQPPVVLTV,SSNFYA,MTLNGDE,ASGAGGSEKLV,WNHNN,SYGVQD,ASSESGDRVLGEQY,0.1488
SQPPVVLTV,SIFNT,LYKAGEL,AGRRAQKLV,SGHRS,YFSETQ,ASSVLGQANTGELF,0.3010
SQPPVVLTV,TSDPSYG,QGSYDQQN,AMREGSGGGADGLT,SGHRS,YFSETQ,ASSVVLAGSANTDTQY,0.1065
SQPPVVLTV,NTAFDY,IRPDVSE,AAPLYGNKLV,MNHEY,SVGAGI,ASTRTGVNYGYT,0.2557
SQPPVVLTV,TSGFNG,NVLDGL,AVRENSGGYQKVT,SEHNR,FQNEAQ,ASSLALRETYGYT,0.0686
SQPPVVLTV,TSGFNG,NVLDGL,AVHGKGAGSYQLT,ENHRY,SYGVKD,AISVPGDTGELF,0.3500
SQPPVVLTV,TSDPSYG,QGSYDQQN,AMRERTGNQFY,SNHLY,FYNNEI,ASSEIPGAVNQPQH,0.1525
SQPPVVLTV,TTSDR,LLSNGAV,AVDMALNSGNTPLV,GTSNPN,SVGIG,AWNHRGHFLRRRKAF,0.4569
SQPPVVLTV,NSASDY,IRSNMDK,AENTGSGGSNYKLT,MDHEN,SYDVKM,ASSPGLARVEETQY,0.2185
SQPPVVLTV,SSVPPY,YTSAATLV,AVSDRNFNKFY,MNHEY,SVGAGI,ASTRTGTGGVYGYT,0.2208
SQPPVVLTV,SIFNT,LYKAGEL,AGHSGTYKYI,DFQATT,SNEGSKA,SASSTGIGASTEAF,0.4443
SQPPVVLTV,DSSSTY,IFSNMDM,AEYGSNAGGTSYGKLT,SEHNR,FQNEAQ,ASSTTGSPYGYT,0.0209
SQPPVVLTV,TSENNYY,QEAYKQQN,AFMKLLLYNNNDMR,LNHDA,SQIVND,ASSLGQSSYNEQF,0.2348
SQPPVVLTV,DRGSQS,IYSNGD,AVNVEGGYQKVT,PRHDT,FYEKMQ,ASSERTEAF,0.0791
SQPPVVLTV,VGISA,LSSGK,AVDPYDKVI,SNHLY,FYNNEI,ASTPTRAWEQY,0.1346
SQPPVVLTV,VGISA,LSSGK,AVSPMDSNYQLI,ENHRY,SYGVKD,AISEPGRRAYEQY,0.1705
SQPPVVLTV,TSENNYY,QEAYKQQN,AAVDTDKLI,SNHLY,FYNNEI,ALLGREKLF,0.3195
SQPPVVLTV,SSNFYA,MTLNGDE,AFISGAGGYQKVT,SNHLY,FYNNEI,ASSVGQINQPQH,0.2865
SQPPVVLTV,TSINN,IRSNERE,ATVEAAGNKLT,DFQATT,SNEGSKA,SARGGRVAKNIQY,0.2200
SQPPVVLTV,DRGSQS,IYSNGD,AVNAGGSYIPT,DFQATT,SNEGSKA,RPHRDRGYNEQF,0.1088
SQPPVVLTV,VGISA,LSSGK,AVRPRDDKII,DFQATT,SNEGSKA,SARPRWETQY,0.2475
SQPPVVLTV,NSAFQY,TYSSGN,AMSPDGQKLL,SGHVS,FNYEAQ,ASSLRGGYQETQY,0.1926
SQPPVVLTV,DRGSQS,IYSNGD,AVNGLLNTGTASKLT,MGHRA,YSYEKL,ASSQTVTYEQY,0.0731
SQPPVVLTV,TSGFNG,NVLDGL,APPRGADKLI,MNHEY,SVGEGT,ASSYVGQGAAEAF,0.5303
SQPPVVLTV,TSGFNG,NVLDGL,AVRRSGGSYIPT,ENHRY,SYGVKD,ATGTGDSNQPQH,0.1801
SQPPVVLTV,DRGSQS,IYSNGD,AVYVDTGRRALT,KGHDR,SFDVKD,ATSDFDSYPYGYT,0.0663
SQPPVVLTV,TSINN,IRSNERE,ATAGAGTGFQKLV,LGHDT,YNNKEL,ASSQGVGGGTEAF,0.3093
SQPPVVLTV,NSAFQY,TYSSGN,AMSGLYSSASKII,LNHDA,SQIVND,ASSITAAEINYGYT,0.1669
SQPPVVLTV,DSAIYN,IQSSQRE,ASLRHNAGNMLT,SGHVS,FQNEAQ,ASSFDGYEQY,0.2081
SQPPVVLTV,TISGNEY,GLKNN,IVRVVGIQTGANNLF,SGHDY,FNNNVP,ASSLLSLLPGEQY,0.3166
SQPPVVLTV,YGATPY,YFSGDTLV,AVTTDSWGKFQ,KGHSH,LQKENI,ASSPQSGDTQY,0.0534
SQPPVVLTV,NYSPAY,IRENEKE,AFNTNAGKST,LGHDT,YNNKEL,ASSQEDDYNEQF,0.2730
SQPPVVLTV,TSDPSYG,QGSYDQQN,AMSPFFSSGSARQLT,SGHAT,FQNNGV,ASSFMKRLAGSEQF,0.3040
SQPPVVLTV,DSVNN,IPSGT,AVLGSGNTGKLI,SGHDT,YYEEEE,ASSYGVDTEAF,0.0553
SQPPVVLTV,TSGFNG,NVLDGL,AVRLNLASGGSYIPT,SGHRS,YFSETQ,ASRDDRDQPQH,0.1995
SQPPVVLTV,ATGYPS,ATKADDK,ALSLNDYKLS,LGHDT,YNNKEL,ASSYQTGANTGELF,0.0572
SQPPVVLTV,TSESDYY,QEAYKQQN,ALMDSNYQLI,SEHNR,FQNEAQ,ASSLVGGTDEQF,0.1773
SQPPVVLTV,KALYS,LLKGGEQ,GTEGRGRDDKII,MNHEY,SVGAGI,ASSYSESYEQY,0.1441
SQPPVVLTV,TSDPSYG,QGSYDQQN,AMTPSGAGSYQLT,SEHNR,FQNEAQ,ASSLDSYNQPQH,0.2025
SQPPVVLTV,TSESDYY,QEAYKQQN,AYEASGTYKYI,SGHAT,FQNNGV,ASSLDIAGFVGELF,0.1595
SQPPVVLTV,TSDPSYG,QGSYDQQN,AMREGRSGAGSYQLT,SGHDT,YYEEEE,ASSLTGSPYEQY,0.3988
SQPPVVLTV,TSESDYY,QEAYKQQN,AYRDTTDSNYQLI,SGDLS,YYNGEE,ASSVEGREQETQY,0.3913
SQPPVVLTV,TSINN,IRSNERE,ATAGAGTGFQKLV,MGHDK,SYGVNS,ASSGSTGGLNYGYT,0.2004
SQPPVVLTV,TTLSN,LVKSGEV,AERRRVSTMEYGNKLV,LGHNT,FRNRAP,ASGFTGVHEQY,0.0903
SQPPVVLTV,YSGSPE,HISR,ALVTYNTDKLI,SEHNR,FQNEAQ,ASSSLSGESSYNEQF,0.4713
SQPPVVLTV,TSGFNG,NVLDGL,AVRNNARLM,MGHRA,YSYEKL,ASSQGGFGQVSYEQY,0.1330
SQPPVVLTV,TSESDYY,QEAYKQQN,AIWGSYQLT,SEHNR,FQNEAQ,ASSSSGPGTDTQY,0.0499
SQPPVVLTV,VSGNPY,YITGDNLV,AVRTQDSGTYKYI,WNHNN,SYGVQD,ASSEWPSGNEQF,0.1032
SQPPVVLTV,NSASQS,VYSSG,VVRGNARLM,SGDLS,YYNGEE,ASSVESYNEQF,0.0532
SQPPVVLTV,DRGSQS,IYSNGD,AGIIQGAQKLV,SGHRS,YFSETQ,ASSLVGTWGSSYNEQF,0.2344
SQPPVVLTV,DSASNY,IRSNVGE,AASGTDSWGKLQ,ENHRY,SYGVKD,AATAGGGYEQY,0.1463
SQPPVVLTV,DRGSQS,IYSNGD,AGLNSGGYQKVT,DFQATT,SNEGSKA,SASLYGPYNEQF,0.0186
SQPPVVLTV,TSENNYY,QEAYKQQN,AFMKPPLNDMR,SGDLS,YYNGEE,ASSVATGIDISYNEQF,0.3348
SQPPVVLTV,VSPFSN,MTFSENT,VVSHLRQNNNDMR,SGHNS,FNNNVP,ASSLRFGADSNQPQH,0.1750
SQPPVVLTV,NSASDY,IRSNMDK,LWGGGSYIPT,SGDLS,YYNGEE,ASSARTAVVRNEQF,0.0776
SQPPVVLTV,VSGNPY,YITGDNLV,AVRLRMDSSYKLI,SGDLS,YYNGEE,ASSAGWGGRNGNEQF,0.1749
SQPPVVLTV,TSINN,IRSNERE,ATDAETGGFKTI,SGHAT,FQNNGV,ASSLGRGGASTDTQY,0.0972
SQPPVVLTV,DRGSQS,IYSNGD,AVKGVTGGGNKLT,SGDLS,YYNGEE,ASSSGPGPDTQY,0.0340
SQPPVVLTV,NSMFDY,ISSIKDK,AWWGSQGNLI,ENHRY,SYGVKD,AISEVGVFQETQY,0.1657
SQPPVVLTV,DRGSQS,IYSNGD,AVPRIMDTGRRALT,WNHNN,SYGVQD,ASSDLFPGELF,0.0024
SQPPVVLTV,TSDPSYG,QGSYDQQN,AMRELQSSNTGKLI,SGDLS,YYNGEE,ASSVGGRAPYEQY,0.5803
SQPPVVLTV,NTAFDY,IRPDVSE,AGIGFGNVLH,MNHEY,SVGAGI,ASSFAGQGIDNEQF,0.2204
SQPPVVLTV,TSINN,IRSNERE,ATVIQGAQKLV,SGHNT,YENEEA,ASSPERGGNSEQF,0.2219
SQPPVVLTV,TSINN,IRSNERE,ATGVIQGAQKLV,MNHEY,SMNVEV,ASSFAPRGISYEQY,0.1958
SQPPVVLTV,TSDPSYG,QGSYDQQN,AMRERGYSTLT,LGHDT,YNNKEL,ASSQGVAHEQF,0.0966
SQPPVVLTV,TSESDYY,QEAYKQQN,AYRTYRDDKII,SNHLY,FYNNEI,ASTEDGLVADTQY,0.1459
SQPPVVLTV,DRGSQS,IYSNGD,AVKEDDYKLS,SGHNT,YENEEA,ASSSPRTANYEQY,0.0232
SQPPVVLTV,DSAIYN,IQSSQRE,APRIHRDNYGQNFV,LGHNA,YNFKEQ,ASSPPGLLKYNEQF,0.3353
SQPPVVLTV,TSESDYY,QEAYKQQN,AYRSSGTGNQFY,SGHTA,FQGTGA,ASSQRVAGGPTDTQY,0.4815
SQPPVVLTV,TSGFNG,NVLDGL,AVDSNYQLI,LGHDT,YNNKEL,ASSHQTSGSAGDTQY,0.2823
SQPPVVLTV,TSINN,IRSNERE,ATDEGGAQKLV,MNHEY,SVGAGI,ASSYSGGGQPQH,0.0091
SQPPVVLTV,TSINN,IRSNERE,ATDAEDSSYKLI,MNHEY,SVGAGI,ASSYYNTVDTQY,0.2203
SQPPVVLTV,TSINN,IRSNERE,ATDGGSYIPT,MNHNS,SASEGT,ASSGAGQETQY,0.2408
SQPPVVLTV,DSASNY,IRSNVGE,AAHNFTGKLI,MGHRA,YSYEKL,ASRVYQANTGELF,0.2606
SQPPVVLTV,DRGSQS,IYSNGD,AVKGSGAGSYQLT,LNHNV,YYDKDF,ATSREKSGTLNQPQH,0.0259
SQPPVVLTV,SVFSS,VVTGGEV,AGARKDDKII,MNHNY,SVGAGI,ASSLYPGLAGSEQF,0.2425
SQPPVVLTV,TSGFNG,NVLDGL,AVRGGLTGGGNKLT,MRHNA,SNTAGT,ASSDSGLFTDTQY,0.2223
SQPPVVLTV,YGATPY,YFSGDTLV,AVGAMLGNEKLT,MDHEN,SYDVKM,ASSPGYTRETQY,0.2042
SQPPVVLTV,DRGSQS,IYSNGD,AVNFGNEKLT,LGHDT,YNNKEL,ASSPLDPGEGEQY,0.0207
SQPPVVLTV,NIATNDY,GYKTK,LVALNTGFQKLV,SGDLS,YYNGEE,ASSGNRGQSEAF,0.1813
SQPPVVLTV,TSDPSYG,QGSYDQQN,AMREFISNFGNEKLT,SGDLS,YYNGEE,ASSVGGGTQPQH,0.1021
SQPPVVLTV,TSDPSYG,QGSYDQQN,AMRDFSSGSARQLT,LGHDT,YNNKEL,ASSPQPGLAGGTRGNEQF,0.3042
VSDDLYSSL,NSASQS,VYSSG,VVNPGVGYSTLT,MNHEY,SMNVEV,ASRSGTGVQPQH,0.0516
VSDDLYSSL,TSGFNG,NVLDGL,AVRGHDRGSTLGRLY,SGHAT,FQNNGV,ASSYDWTAKETQY,0.4668
VSDDLYSSL,TSINN,IRSNERE,ATDGNDYKLS,SGHTA,FQGNSA,ASSPRGQGNGYT,0.2946
VSDDLYSSL,TSINN,IRSNERE,ATDEGFQKLV,LNHNV,YYDKDF,ATSRDLGRINYGYT,0.0718
VSDDLYSSL,TSESDYY,QEAYKQQN,AYRSFTSGTYKYI,SGDLS,YYNGEE,ASSVGGGADTQY,0.2103
VSDDLYSSL,TSGFNG,NVLDGL,AVDPGGYQKVT,SEHNR,FQNEAQ,ASSAPGEIDTQY,0.0761
VSDDLYSSL,TRDTTYY,RNSFDEQN,ALSGLDSNYQLI,LGHNA,YNFKEQ,ASSQEWPRGARTGELF,0.2158
VSDDLYSSL,DRGSQS,IYSNGD,AVNEGAQKLV,LGHDT,YNNKEL,ASSQGPGGADTQY,0.0784
VSDDLYSSL,TSENNYY,QEAYKQQN,AFMKHVASGGSNYKLT,GTSNPN,SVGIG,AWKRSGNTIY,0.3372
VSDDLYSSL,VGISA,LSSGK,AVPNTGNQFY,KGHSH,LQKENI,ASSPVNLRVSDTQY,0.0775
VSDDLYSSL,SVFSS,VVTGGEV,AGGSNAGNMLT,DFQATT,SNEGSKA,SAAVVEQF,0.0542
VSDDLYSSL,NTAFDY,IRPDVSE,AGRNNARLM,PRHDT,FYEKMQ,ASSSLAGLPEQY,0.1630
VSDDLYSSL,DRGSQS,IYSNGD,AVKAGNQFY,SGHNT,YYREEE,ASSPEGLYNEQF,0.0433
VSDDLYSSL,SVFSS,VVTGGEV,AGGGGATNKLI,WNHNN,SYGVQD,ASSESAVGTDTQY,0.1416
VSDDLYSSL,NSASQS,VYSSG,VVNQHGTASKLT,SEHNR,FQNEAQ,ASSSTRTSGRRGAYNEQF,0.0464
VSDDLYSSL,DRGSQS,IYSNGD,AATPDYQLI,MGHDK,SYGVNS,ASSGPDFEQF,0.0963
VSDDLYSSL,DSASNY,IRSNVGE,AASPTGPFQGAQKLV,LNHDA,SQIVND,ASSIGLAGGNEQF,0.5086
VSDDLYSSL,DRGSQS,IYSNGD,AVGGGTYKYI,SGHNT,YENEEA,ASSLEGAHNEQF,0.1716
VSDDLYSSL,TSDPSYG,QGSYDQQN,AMREAGTASKLT,SGDLS,YYNGEE,ASSPGVGGPYGYT,0.1465
VSDDLYSSL,NIATNDY,GYKTK,LVGDTGFKTI,SGHTA,FQGTGA,ASSLAGGSYNEQF,0.0475
VSDDLYSSL,TSGFNG,NVLDGL,AVREETSGTYKYI,GTSNPN,SVGIG,AWNGQGALYTGELF,0.2143
VSDDLYSSL,YSGSPE,HISR,ALRQSGGYNKLI,SNHLY,FYNNEI,ASWGRGSYEQY,0.1511
VSDDLYSSL,TSINN,IRSNERE,ATDSGPNRLA,SGHNT,YYREEE,ASSQGQGAETQY,0.1896
VSDDLYSSL,DSAIYN,IQSSQRE,AVLMDSNYQLI,WSHSY,SAAADI,ASSADGMNTEAF,0.1524
VSDDLYSSL,TISGNEY,GLKNN,IVRIPNDYKLS,SNHLY,FYNNEI,ASSDGGWGTDTQY,0.1527
VSDDLYSSL,SSYSPS,YTSAATLV,VVSWVTDKLI,MDHEN,SYDVKM,ASSLPLTEYSNQPQH,0.2058
VSDDLYSSL,TSGFNG,NVLDGL,AVGNQAGTALI,MGHRA,YSYEKL,ASSPTEGQGADTQY,0.1589
VSDDLYSSL,SSYSPS,YTSAATLV,VVSDESGTYKYI,LGHNA,YNFKEQ,ASSQVRGDTQY,0.2873
VSDDLYSSL,TRDTTYY,RNSFDEQN,ALSEMGRGAQKLV,SGHRS,YFSETQ,ASSSGLGYEQY,0.1957
VSDDLYSSL,SVFSS,VVTGGEV,GGATNKLI,MNHEY,SVGAGI,ASSYSWGYEQY,0.1690
VSDDLYSSL,TSDPSYG,QGSYDQQN,AMRVPQGAGKST,SEHNR,FQNEAQ,ASRPSGAWGEKLF,0.2543
VSDDLYSSL,TSINN,IRSNERE,ATDAGANNLF,GTSNPN,SVGIG,AWSVGGPNTEAF,0.0222
VSDDLYSSL,ATGYPS,ATKADDK,APYSGGGADGLT,MNHEY,SVGAGI,ASGGTGPYNEQF,0.2294
VSDDLYSSL,VTNFRS,LTSSGIE,AVEPLLLYNNNDMR,SGHTA,FQGTGA,ASSSTQGTEQY,0.0877
VSDDLYSSL,NTAFDY,IRPDVSE,AASIEGTGGGNKLT,MDHEN,SYDVKM,ASSSPGGAVGGYT,0.2615
VSDDLYSSL,NSAFQY,TYSSGN,AMQSGTASKLT,SGHRS,YFSETQ,ASGHYSYNEQF,0.0676
VSDDLYSSL,TRDTTYY,RNSFDEQN,ALSKVQAAGNKLT,SGDLS,YYNGEE,ASSADYNEQF,0.2365
VSDDLYSSL,YSGSPE,HISR,ALKDNYGQNFV,SGHVS,FQNEAQ,ASSLERGVPEAF,0.3622
VSDDLYSSL,TSGFYG,NALDGL,AAHSGTYKYI,SGHTA,FQGNSA,ASSLAGGQETQY,0.1645
VSDDLYSSL,NTAFDY,IRPDVSE,AASTEGGGADGLT,KGHSH,LQKENI,ASSPSYPGLAGEGVEQY,0.0992
VSDDLYSSL,TSGFYG,NALDGL,AVGYSSASKII,MNHEY,SVGEGT,ASSYLGTSTEQF,0.1769
VSDDLYSSL,TTSDR,LLSNGAV,AVDSGTYKYI,SGHTA,FQGNSA,ASSSWDLRSNQPQH,0.0854
VSDDLYSSL,DSAIYN,IQSSQRE,AAEETTDSWGKFQ,MDHEN,SYDVKM,ASSFGGAGQPQH,0.0419
VSDDLYSSL,VGISA,LSSGK,AVGMDSNYQLI,SGHVS,FQNEAQ,ASSMEVTGRDEQF,0.3854
VSDDLYSSL,NSASDY,IRSNMDK,AETKGNTPLV,SEHNR,FQNEAQ,ASSGQPGRSTDTQY,0.2497
VSDDLYSSL,DRGSQS,IYSNGD,AVLRGGTSYGKLT,SEHNR,FQNEAQ,ASSPGQGDTYEQY,0.0256
VSDDLYSSL,VSGLRG,LYSAGEE,AVHDVNDYKLS,SGHVS,FNYEAQ,ASSRAGEGYEQY,0.3100
VSDDLYSSL,TRDTTYY,RNSFDEQN,ALSRLKAAGNKLT,SGDLS,YYNGEE,ASSSPHGTNSYNEQF,0.3534
VSDDLYSSL,TSGFYG,NALDGL,AVNQAGTALI,KGHSH,LQKENI,ASSPPRQGGSYT,0.1124
VSDDLYSSL,VSGLRG,LYSAGEE,AVQGSGGNKLV,SGHNT,YENEEA,ASSSTTGFSYEQY,0.3247
VSDDLYSSL,DSSSTY,IFSNMDM,AESIGKII,SQVTM,ANQGSEA,SVGQGGTNEKLF,0.0584
VSDDLYSSL,TRDTTYY,RNSFDEQN,ALSEAGNRGSTLGRLY,SEHNR,FQNEAQ,ASSLAGLAYNEQF,0.1064
VSDDLYSSL,DSASNY,IRSNVGE,AALLWKAD,SEHNR,FQNEAQ,ASSPRPPSAHEQY,0.0466
VSDDLYSSL,DRGSQS,IYSNGD,AVRPTNSGYALN,SGHVS,FQNEAQ,ASSPRAGRGYNEQF,0.2359
VSDDLYSSL,VSNAYN,GSKP,ASAVDTGRRALT,DFQATT,SNEGSKA,SARPGGQQGLTYEQY,0.1400
VSDDLYSSL,TSGFNG,NVLDGL,AVRDNKGYSTLT,SQVTM,ANQGSEA,SVIGSYNEQF,0.4046
VSDDLYSSL,TSGFYG,NALDGL,AAPQEDKII,WSHSY,SAAADI,ATAGRSYEQY,0.0047
VSDDLYSSL,TSDPSYG,QGSYDQQN,AMREDSGGYQKVT,SNHLY,FYNNEI,ASSSELGWTGKTYGYT,0.2098
VSDDLYSSL,TSGFYG,NALDGL,AVRDSHDKII,SEHNR,FQNEAQ,ASSLARANYEQY,0.1673
VSDDLYSSL,VSPFSN,MTFSENT,VVSDGYNNNDMR,LNHDA,SQIVND,ASQWLGSSYQPQH,0.2124
VSDDLYSSL,TRDTTYY,RNSFDEQN,ALSSNNNARLM,SQVTM,ANQGSEA,SVDGTGIYTEAF,0.1142
VSDDLYSSL,TSINN,IRSNERE,ATDAGNNNDMR,SGHDY,FNNNVP,ASLQLSGQSNTGELF,0.2943
VSDDLYSSL,YGGTVN,YFSGDPLV,AFEAAGNKLT,MDHEN,SYDVKM,ASRPDRSSYNEQF,0.1460
VSDDLYSSL,NSAFQY,TYSSGN,AMKNSSASKII,SGHNS,FNNNVP,ASSFQETQY,0.1648
VSDDLYSSL,TSINN,IRSNERE,ATARNSGNTPLV,MDHEN,SYDVKM,ASSLLSGLRETQY,0.1543
VSDDLYSSL,SSVPPY,YTSAATLV,AVSLAGFQKLV,LNHNV,YYDKDF,ATSRDPTSGIYEQF,0.2454
VSDDLYSSL,NSMFDY,ISSIKDK,AASVDNYGQNFV,MNHNS,SASEGT,ASLGLAGDEQF,0.3530
VSDDLYSSL,TSINN,IRSNERE,ATLPRDDKII,MNHNY,SVGAGI,ASTHYPGLAGNFYNEQF,0.0729
VSDDLYSSL,SSYSPS,YTSAATLV,VGTGFQKLV,MNHNS,SASEGT,ASSEVTSSYNEQF,0.0805
VSDDLYSSL,VSGNPY,YITGDNLV,AVRDGGSARQLT,SGHNS,FNNNVP,ASSLKGAGETQY,0.1277
